clustered_ci95_high,clustered_ci95_low,contrast_plus_minus,dataset,effect,interpretation,metric,paired_dataset_horizon_seed_cells
0.0038587648373610817,-0.0031871077704555503,0.0002716259962442932,ALL,scale,negative contrast favors the +1 level(s),mse,84
0.008053961348129355,0.008053961348129355,0.008053961348129355,ETTh1,scale,negative contrast favors the +1 level(s),mse,12
0.005233842304493558,0.005233842304493558,0.005233842304493558,ETTh2,scale,negative contrast favors the +1 level(s),mse,12
-0.0009259176206678245,-0.0009259176206678245,-0.0009259176206678245,ETTm1,scale,negative contrast favors the +1 level(s),mse,12
-0.0007196433182177428,-0.0007196433182177428,-0.0007196433182177428,ETTm2,scale,negative contrast favors the +1 level(s),mse,12
0.001184953864517789,0.001184953864517789,0.001184953864517789,Weather,scale,negative contrast favors the +1 level(s),mse,12
-0.005463527774839813,-0.005463527774839813,-0.005463527774839813,Electricity,scale,negative contrast favors the +1 level(s),mse,12
-0.00546228682970527,-0.00546228682970527,-0.00546228682970527,Traffic,scale,negative contrast favors the +1 level(s),mse,12
0.0004685698309067207,-0.004503491293333381,-0.0020182343607868035,ALL,bank,negative contrast favors the +1 level(s),mse,84
-0.007363514079031825,-0.007363514079031825,-0.007363514079031825,ETTh1,bank,negative contrast favors the +1 level(s),mse,12
-0.0032952319096799265,-0.0032952319096799265,-0.0032952319096799265,ETTh2,bank,negative contrast favors the +1 level(s),mse,12
0.0033291157172324914,0.0033291157172324914,0.0033291157172324914,ETTm1,bank,negative contrast favors the +1 level(s),mse,12
-0.004444271226914455,-0.004444271226914455,-0.004444271226914455,ETTm2,bank,negative contrast favors the +1 level(s),mse,12
0.0014537535061588142,0.0014537535061588142,0.0014537535061588142,Weather,bank,negative contrast favors the +1 level(s),mse,12
-0.0005858029855314502,-0.0005858029855314502,-0.0005858029855314502,Electricity,bank,negative contrast favors the +1 level(s),mse,12
-0.0032216895477412744,-0.0032216895477412744,-0.0032216895477412744,Traffic,bank,negative contrast favors the +1 level(s),mse,12
-0.00043233864707934897,-0.026757810020962305,-0.012937115299457532,ALL,continuation,negative contrast favors the +1 level(s),mse,84
0.0019215373566822379,0.0019215373566822379,0.0019215373566822379,ETTh1,continuation,negative contrast favors the +1 level(s),mse,12
-0.002709110372509005,-0.002709110372509005,-0.002709110372509005,ETTh2,continuation,negative contrast favors the +1 level(s),mse,12
-0.0029720839500024915,-0.0029720839500024915,-0.0029720839500024915,ETTm1,continuation,negative contrast favors the +1 level(s),mse,12
-0.0004513451720655666,-0.0004513451720655666,-0.0004513451720655666,ETTm2,continuation,negative contrast favors the +1 level(s),mse,12
-0.0003108942100192447,-0.0003108942100192447,-0.0003108942100192447,Weather,continuation,negative contrast favors the +1 level(s),mse,12
-0.04004534572825428,-0.04004534572825428,-0.04004534572825428,Electricity,continuation,negative contrast favors the +1 level(s),mse,12
-0.04599256502003438,-0.04599256502003438,-0.04599256502003438,Traffic,continuation,negative contrast favors the +1 level(s),mse,12
-0.00022293703741199772,-0.004121371033885812,-0.0022375206323664402,ALL,scale_x_bank,negative contrast favors the +1 level(s),mse,84
-0.003655754326244671,-0.003655754326244671,-0.003655754326244671,ETTh1,scale_x_bank,negative contrast favors the +1 level(s),mse,12
-0.003437379606294961,-0.003437379606294961,-0.003437379606294961,ETTh2,scale_x_bank,negative contrast favors the +1 level(s),mse,12
-0.0001226082996000783,-0.0001226082996000783,-0.0001226082996000783,ETTm1,scale_x_bank,negative contrast favors the +1 level(s),mse,12
0.0020472110086651196,0.0020472110086651196,0.0020472110086651196,ETTm2,scale_x_bank,negative contrast favors the +1 level(s),mse,12
-0.00019534181769500074,-0.00019534181769500074,-0.00019534181769500074,Weather,scale_x_bank,negative contrast favors the +1 level(s),mse,12
-0.005786363918554739,-0.005786363918554739,-0.005786363918554739,Electricity,scale_x_bank,negative contrast favors the +1 level(s),mse,12
-0.004512407466840749,-0.004512407466840749,-0.004512407466840749,Traffic,scale_x_bank,negative contrast favors the +1 level(s),mse,12
0.0026267818856018526,-5.2796218831928056e-05,0.0011926797081124798,ALL,scale_x_continuation,negative contrast favors the +1 level(s),mse,84
0.0017957298763490563,0.0017957298763490563,0.0017957298763490563,ETTh1,scale_x_continuation,negative contrast favors the +1 level(s),mse,12
-0.001149476903162635,-0.001149476903162635,-0.001149476903162635,ETTh2,scale_x_continuation,negative contrast favors the +1 level(s),mse,12
4.2146002002102036e-05,4.2146002002102036e-05,4.2146002002102036e-05,ETTm1,scale_x_continuation,negative contrast favors the +1 level(s),mse,12
0.0003156263454085646,0.0003156263454085646,0.0003156263454085646,ETTm2,scale_x_continuation,negative contrast favors the +1 level(s),mse,12
2.4866700603872496e-05,2.4866700603872496e-05,2.4866700603872496e-05,Weather,scale_x_continuation,negative contrast favors the +1 level(s),mse,12
0.00460243234233577,0.00460243234233577,0.00460243234233577,Electricity,scale_x_continuation,negative contrast favors the +1 level(s),mse,12
0.0027174335932506287,0.0027174335932506287,0.0027174335932506287,Traffic,scale_x_continuation,negative contrast favors the +1 level(s),mse,12
0.00019329868353166362,-0.0010912622509221047,-0.00042662728037873255,ALL,bank_x_continuation,negative contrast favors the +1 level(s),mse,84
-0.0004028449646636528,-0.0004028449646636528,-0.0004028449646636528,ETTh1,bank_x_continuation,negative contrast favors the +1 level(s),mse,12
0.0008417321030354518,0.0008417321030354518,0.0008417321030354518,ETTh2,bank_x_continuation,negative contrast favors the +1 level(s),mse,12
-0.0014639132035964436,-0.0014639132035964436,-0.0014639132035964436,ETTm1,bank_x_continuation,negative contrast favors the +1 level(s),mse,12
-8.988191823281963e-05,-8.988191823281963e-05,-8.988191823281963e-05,ETTm2,bank_x_continuation,negative contrast favors the +1 level(s),mse,12
-0.00014140531563963492,-0.00014140531563963492,-0.00014140531563963492,Weather,bank_x_continuation,negative contrast favors the +1 level(s),mse,12
-0.0019077187508508605,-0.0019077187508508605,-0.0019077187508508605,Electricity,bank_x_continuation,negative contrast favors the +1 level(s),mse,12
0.00017764108729683217,0.00017764108729683217,0.00017764108729683217,Traffic,bank_x_continuation,negative contrast favors the +1 level(s),mse,12
0.00321489358978163,-6.350057065410109e-05,0.0015215094422340704,ALL,scale_x_bank_x_continuation,negative contrast favors the +1 level(s),mse,84
-0.0009645719536389303,-0.0009645719536389303,-0.0009645719536389303,ETTh1,scale_x_bank_x_continuation,negative contrast favors the +1 level(s),mse,12
0.00047989229775082545,0.00047989229775082545,0.00047989229775082545,ETTh2,scale_x_bank_x_continuation,negative contrast favors the +1 level(s),mse,12
0.0004022988019255688,0.0004022988019255688,0.0004022988019255688,ETTm1,scale_x_bank_x_continuation,negative contrast favors the +1 level(s),mse,12
5.393342261139749e-05,5.393342261139749e-05,5.393342261139749e-05,ETTm2,scale_x_bank_x_continuation,negative contrast favors the +1 level(s),mse,12
0.0003130544431183089,0.0003130544431183089,0.0003130544431183089,Weather,scale_x_bank_x_continuation,negative contrast favors the +1 level(s),mse,12
0.005414343741247721,0.005414343741247721,0.005414343741247721,Electricity,scale_x_bank_x_continuation,negative contrast favors the +1 level(s),mse,12
0.004951615342623603,0.004951615342623603,0.004951615342623603,Traffic,scale_x_bank_x_continuation,negative contrast favors the +1 level(s),mse,12
0.003146155177693681,-0.002021679958922344,0.0005327949771165468,ALL,scale,negative contrast favors the +1 level(s),mae,84
0.006328530197910555,0.006328530197910555,0.006328530197910555,ETTh1,scale,negative contrast favors the +1 level(s),mae,12
0.004516447967281758,0.004516447967281758,0.004516447967281758,ETTh2,scale,negative contrast favors the +1 level(s),mae,12
-1.6946082439886257e-05,-1.6946082439886257e-05,-1.6946082439886257e-05,ETTm1,scale,negative contrast favors the +1 level(s),mae,12
-0.0005377458840525514,-0.0005377458840525514,-0.0005377458840525514,ETTm2,scale,negative contrast favors the +1 level(s),mae,12
0.0008878218799635776,0.0008878218799635776,0.0008878218799635776,Weather,scale,negative contrast favors the +1 level(s),mae,12
-0.0037785730943462963,-0.0037785730943462963,-0.0037785730943462963,Electricity,scale,negative contrast favors the +1 level(s),mae,12
-0.003669970144501329,-0.003669970144501329,-0.003669970144501329,Traffic,scale,negative contrast favors the +1 level(s),mae,12
-0.0005601932206729708,-0.0041462094098612175,-0.002436036531408164,ALL,bank,negative contrast favors the +1 level(s),mae,84
-0.005369461475123534,-0.005369461475123534,-0.005369461475123534,ETTh1,bank,negative contrast favors the +1 level(s),mae,12
-0.0032052728610576105,-0.0032052728610576105,-0.0032052728610576105,ETTh2,bank,negative contrast favors the +1 level(s),mae,12
0.0012539655789444114,0.0012539655789444114,0.0012539655789444114,ETTm1,bank,negative contrast favors the +1 level(s),mae,12
-0.004194589005092956,-0.004194589005092956,-0.004194589005092956,ETTm2,bank,negative contrast favors the +1 level(s),mae,12
0.001071396393793888,0.001071396393793888,0.001071396393793888,Weather,bank,negative contrast favors the +1 level(s),mae,12
-0.0021463513240165704,-0.0021463513240165704,-0.0021463513240165704,Electricity,bank,negative contrast favors the +1 level(s),mae,12
-0.004461943027304777,-0.004461943027304777,-0.004461943027304777,Traffic,bank,negative contrast favors the +1 level(s),mae,12
-0.0006670603576040139,-0.030608112363621435,-0.01486660447575117,ALL,continuation,negative contrast favors the +1 level(s),mae,84
0.0003037779114635798,0.0003037779114635798,0.0003037779114635798,ETTh1,continuation,negative contrast favors the +1 level(s),mae,12
-0.0017993645842839974,-0.0017993645842839974,-0.0017993645842839974,ETTh2,continuation,negative contrast favors the +1 level(s),mae,12
-0.002547954955134642,-0.002547954955134642,-0.002547954955134642,ETTm1,continuation,negative contrast favors the +1 level(s),mae,12
-0.0005884085347056303,-0.0005884085347056303,-0.0005884085347056303,ETTm2,continuation,negative contrast favors the +1 level(s),mae,12
-9.882708835621107e-05,-9.882708835621107e-05,-9.882708835621107e-05,Weather,continuation,negative contrast favors the +1 level(s),mae,12
-0.04696929044260522,-0.04696929044260522,-0.04696929044260522,Electricity,continuation,negative contrast favors the +1 level(s),mae,12
-0.05236616363663607,-0.05236616363663607,-0.05236616363663607,Traffic,continuation,negative contrast favors the +1 level(s),mae,12
0.0001338882960372961,-0.00289249909455992,-0.0013493535537172144,ALL,scale_x_bank,negative contrast favors the +1 level(s),mae,84
-0.001191725526512882,-0.001191725526512882,-0.001191725526512882,ETTh1,scale_x_bank,negative contrast favors the +1 level(s),mae,12
-0.0015717751001018607,-0.0015717751001018607,-0.0015717751001018607,ETTh2,scale_x_bank,negative contrast favors the +1 level(s),mae,12
-0.0003180396443354695,-0.0003180396443354695,-0.0003180396443354695,ETTm1,scale_x_bank,negative contrast favors the +1 level(s),mae,12
0.0018760304613158671,0.0018760304613158671,0.0018760304613158671,ETTm2,scale_x_bank,negative contrast favors the +1 level(s),mae,12
-9.740707301754703e-05,-9.740707301754703e-05,-9.740707301754703e-05,Weather,scale_x_bank,negative contrast favors the +1 level(s),mae,12
-0.005058856925547979,-0.005058856925547979,-0.005058856925547979,Electricity,scale_x_bank,negative contrast favors the +1 level(s),mae,12
-0.00308370106782063,-0.00308370106782063,-0.00308370106782063,Traffic,scale_x_bank,negative contrast favors the +1 level(s),mae,12
0.0019166635142010401,9.790321606855232e-05,0.0009470866255468124,ALL,scale_x_continuation,negative contrast favors the +1 level(s),mae,84
0.0006862717077864856,0.0006862717077864856,0.0006862717077864856,ETTh1,scale_x_continuation,negative contrast favors the +1 level(s),mae,12
-0.0005459371770261135,-0.0005459371770261135,-0.0005459371770261135,ETTh2,scale_x_continuation,negative contrast favors the +1 level(s),mae,12
0.00016677969553729904,0.00016677969553729904,0.00016677969553729904,ETTm1,scale_x_continuation,negative contrast favors the +1 level(s),mae,12
0.0005016472616816448,0.0005016472616816448,0.0005016472616816448,ETTm2,scale_x_continuation,negative contrast favors the +1 level(s),mae,12
0.00011893687771091152,0.00011893687771091152,0.00011893687771091152,Weather,scale_x_continuation,negative contrast favors the +1 level(s),mae,12
0.003015486483600463,0.003015486483600463,0.003015486483600463,Electricity,scale_x_continuation,negative contrast favors the +1 level(s),mae,12
0.0026864215295369968,0.0026864215295369968,0.0026864215295369968,Traffic,scale_x_continuation,negative contrast favors the +1 level(s),mae,12
0.0008906566282962431,-0.0006185952912595881,0.00011592364322858168,ALL,bank_x_continuation,negative contrast favors the +1 level(s),mae,84
0.00012839852262285534,0.00012839852262285534,0.00012839852262285534,ETTh1,bank_x_continuation,negative contrast favors the +1 level(s),mae,12
0.0006064650922186441,0.0006064650922186441,0.0006064650922186441,ETTh2,bank_x_continuation,negative contrast favors the +1 level(s),mae,12
-0.00024186883040687793,-0.00024186883040687793,-0.00024186883040687793,ETTm1,bank_x_continuation,negative contrast favors the +1 level(s),mae,12
1.0750491602623535e-05,1.0750491602623535e-05,1.0750491602623535e-05,ETTm2,bank_x_continuation,negative contrast favors the +1 level(s),mae,12
-2.6077572973900894e-05,-2.6077572973900894e-05,-2.6077572973900894e-05,Weather,bank_x_continuation,negative contrast favors the +1 level(s),mae,12
-0.0016505201152915313,-0.0016505201152915313,-0.0016505201152915313,Electricity,bank_x_continuation,negative contrast favors the +1 level(s),mae,12
0.001984317914828259,0.001984317914828259,0.001984317914828259,Traffic,bank_x_continuation,negative contrast favors the +1 level(s),mae,12
0.0026677035102136764,-0.00018693618138461283,0.0010877960008751528,ALL,scale_x_bank_x_continuation,negative contrast favors the +1 level(s),mae,84
-0.0006868589299323715,-0.0006868589299323715,-0.0006868589299323715,ETTh1,scale_x_bank_x_continuation,negative contrast favors the +1 level(s),mae,12
0.00024093517744984994,0.00024093517744984994,0.00024093517744984994,ETTh2,scale_x_bank_x_continuation,negative contrast favors the +1 level(s),mae,12
-0.00018950740524640783,-0.00018950740524640783,-0.00018950740524640783,ETTm1,scale_x_bank_x_continuation,negative contrast favors the +1 level(s),mae,12
-0.0001197605355848716,-0.0001197605355848716,-0.0001197605355848716,ETTm2,scale_x_bank_x_continuation,negative contrast favors the +1 level(s),mae,12
0.000212223098463534,0.000212223098463534,0.000212223098463534,Weather,scale_x_bank_x_continuation,negative contrast favors the +1 level(s),mae,12
0.0049920777659160295,0.0049920777659160295,0.0049920777659160295,Electricity,scale_x_bank_x_continuation,negative contrast favors the +1 level(s),mae,12
0.0031654628350603065,0.0031654628350603065,0.0031654628350603065,Traffic,scale_x_bank_x_continuation,negative contrast favors the +1 level(s),mae,12
